<?xml version="1.0" encoding="UTF-8"?>

<ImplementationGuide xmlns="http://hl7.org/fhir">
  <id value="smart.who.int.trust-phw"/>
  <meta>
    <profile value="http://smart.who.int/base/StructureDefinition/SGImplementationGuide"/>
  </meta>
  <text>
    <status value="generated"/><div xmlns="http://www.w3.org/1999/xhtml"><p class="res-header-id"><b>Generated Narrative: ImplementationGuide smart.who.int.trust-phw</b></p><a name="smart.who.int.trust-phw"> </a><a name="hcsmart.who.int.trust-phw"> </a><a name="smart.who.int.trust-phw-en-US"> </a><h2>IGEmpty</h2><p>The official URL for this implementation guide is: </p><pre>http://smart.who.int/trust-phw/ImplementationGuide/smart.who.int.trust-phw</pre><div><p>An empty Implementation Guide to be used as a starting point for building SMART Guidelines Implementation Guides</p>
</div></div>
  </text>
  <url value="http://smart.who.int/trust-phw/ImplementationGuide/smart.who.int.trust-phw"/>
  <version value="0.1.0"/>
  <name value="IGEmpty"/>
  <title value="Empty IG"/>
  <status value="draft"/>
  <experimental value="false"/>
  <date value="2025-02-26T20:20:00+00:00"/>
  <publisher value="WHO"/>
  <contact>
    <name value="WHO"/>
    <telecom>
      <system value="url"/>
      <value value="http://who.int"/>
    </telecom>
  </contact>
  <description value="An empty Implementation Guide to be used as a starting point for building SMART Guidelines Implementation Guides"/>
  <jurisdiction>
    <coding>
      <system value="http://unstats.un.org/unsd/methods/m49/m49.htm"/>
      <code value="001"/>
      <display value="World"/>
    </coding>
  </jurisdiction>
  <packageId value="smart.who.int.trust-phw"/>
  <license value="CC-BY-SA-3.0-IGO"/>
  <fhirVersion value="5.0.0"/>
  <dependsOn id="hl7_terminology">
    <uri value="http://terminology.hl7.org/ImplementationGuide/hl7.terminology"/>
    <packageId value="hl7.terminology"/>
    <version value="5.5.0"/>
  </dependsOn>
  <dependsOn id="hl7_fhir_uv_extensions_r4">
    <uri value="http://hl7.org/fhir/extensions/ImplementationGuide/hl7.fhir.uv.extensions"/>
    <packageId value="hl7.fhir.uv.extensions.r4"/>
    <version value="5.1.0"/>
  </dependsOn>
  <dependsOn id="hl7_fhir_uv_cql">
    <uri value="http://hl7.org/fhir/uv/cql/ImplementationGuide/hl7.fhir.uv.cql"/>
    <packageId value="hl7.fhir.uv.cql"/>
    <version value="1.0.0"/>
  </dependsOn>
  <dependsOn id="hl7_fhir_uv_crmi">
    <uri value="http://hl7.org/fhir/uv/crmi/ImplementationGuide/hl7.fhir.uv.crmi"/>
    <packageId value="hl7.fhir.uv.crmi"/>
    <version value="1.0.0"/>
  </dependsOn>
  <dependsOn id="hl7_fhir_uv_sdc">
    <uri value="http://hl7.org/fhir/uv/sdc/ImplementationGuide/hl7.fhir.uv.sdc"/>
    <packageId value="hl7.fhir.uv.sdc"/>
    <version value="3.0.0"/>
  </dependsOn>
  <dependsOn id="hl7_fhir_uv_cpg">
    <uri value="http://hl7.org/fhir/uv/cpg/ImplementationGuide/hl7.fhir.uv.cpg"/>
    <packageId value="hl7.fhir.uv.cpg"/>
    <version value="2.0.0"/>
  </dependsOn>
  <dependsOn id="hl7_fhir_us_cqfmeasures">
    <uri value="http://hl7.org/fhir/us/cqfmeasures/ImplementationGuide/hl7.fhir.us.cqfmeasures"/>
    <packageId value="hl7.fhir.us.cqfmeasures"/>
    <version value="5.0.0"/>
  </dependsOn>
  <dependsOn id="sb">
    <uri value="http://smart.who.int/base/ImplementationGuide/smart.who.int.base"/>
    <packageId value="smart.who.int.base"/>
    <version value="0.1.0"/>
    <reason value="This IG uses SMART base computable guideline capabilities"/>
  </dependsOn>
  <dependsOn id="trust">
    <uri value="http://smart.who.int/trust/ImplementationGuide/smart.who.int.trust"/>
    <packageId value="smart.who.int.trust"/>
    <version value="dev"/>
    <reason value="This IG uses SMART trust infrastructure"/>
  </dependsOn>
  <definition>
    <extension url="http://hl7.org/fhir/tools/StructureDefinition/ig-internal-dependency">
      <valueCode value="hl7.fhir.uv.tools.r5#0.3.0"/>
    </extension>
    <resource>
      <extension url="http://hl7.org/fhir/tools/StructureDefinition/resource-information">
        <valueString value="Requirements"/>
      </extension>
      <reference>
        <reference value="Requirements/accept-mtls-connection"/>
      </reference>
      <name value="Accept mTLS"/>
      <description value="Accept an mTLS in order to conduct further transactions under a secure channel"/>
      <isExample value="false"/>
    </resource>
    <resource>
      <extension url="http://hl7.org/fhir/tools/StructureDefinition/resource-information">
        <valueString value="ActorDefinition"/>
      </extension>
      <reference>
        <reference value="ActorDefinition/ConsentRegistry"/>
      </reference>
      <name value="Consent Registry"/>
      <description value="[IHE PCF Consent Registry](https://profiles.ihe.net/ITI/PCF/volume-1.html#153112-consent-registry) actor"/>
      <isExample value="false"/>
      <profile value="http://smart.who.int/trust-phw/StructureDefinition/SGActor"/>
    </resource>
    <resource>
      <extension url="http://hl7.org/fhir/tools/StructureDefinition/resource-information">
        <valueString value="Requirements"/>
      </extension>
      <reference>
        <reference value="Requirements/distribute-pki-material"/>
      </reference>
      <name value="Distribute PKI material"/>
      <description value="Make received trust material available through a distrubution point to a Trust Network Participant"/>
      <isExample value="false"/>
    </resource>
    <resource>
      <extension url="http://hl7.org/fhir/tools/StructureDefinition/resource-information">
        <valueString value="GraphDefinition"/>
      </extension>
      <reference>
        <reference value="GraphDefinition/GenerateVHL"/>
      </reference>
      <name value="Generate VHL Request"/>
      <description value="A Holder requests an Issuer to generate a VHL"/>
      <isExample value="true"/>
      <profile value="http://smart.who.int/trust-phw/StructureDefinition/SGTransaction"/>
    </resource>
    <resource>
      <extension url="http://hl7.org/fhir/tools/StructureDefinition/resource-information">
        <valueString value="ActorDefinition"/>
      </extension>
      <reference>
        <reference value="ActorDefinition/Holder"/>
      </reference>
      <name value="Holder"/>
      <description value="Holder (person) of [Verifiable Health Certificate](https://smart.who.int/trust/concepts.html#verifiable-digital-health-certificate) or [Verifiable Health Link](https://build.fhir.org/ig/IHE/ITI.VHL/branches/master/index.html)"/>
      <isExample value="false"/>
      <profile value="http://smart.who.int/trust-phw/StructureDefinition/SGActor"/>
    </resource>
    <resource>
      <extension url="http://hl7.org/fhir/tools/StructureDefinition/resource-information">
        <valueString value="Requirements"/>
      </extension>
      <reference>
        <reference value="Requirements/initiate-mtls-connection"/>
      </reference>
      <name value="Initiate mTLS"/>
      <description value="Initiate an mTLS in order to conduct further transactions under a secure channel"/>
      <isExample value="false"/>
    </resource>
    <resource>
      <extension url="http://hl7.org/fhir/tools/StructureDefinition/resource-information">
        <valueString value="ActorDefinition"/>
      </extension>
      <reference>
        <reference value="ActorDefinition/Issuer"/>
      </reference>
      <name value="Issuer"/>
      <description value="Issuer (system) of [Verifiable Health Certificate](https://smart.who.int/trust/concepts.html#verifiable-digital-health-certificate) or [Verifiable Health Link](https://build.fhir.org/ig/IHE/ITI.VHL/branches/master/index.html)"/>
      <isExample value="false"/>
      <profile value="http://smart.who.int/trust-phw/StructureDefinition/SGActor"/>
    </resource>
    <resource>
      <extension url="http://hl7.org/fhir/tools/StructureDefinition/resource-information">
        <valueString value="Requirements"/>
      </extension>
      <reference>
        <reference value="Requirements/provide-a-vhl-to-a-receiver"/>
      </reference>
      <name value="Provide VHL or VDHC"/>
      <description value="Is able to provide a VHL authorization mechanism or a VDHC to a VHL Receiver"/>
      <isExample value="false"/>
    </resource>
    <resource>
      <extension url="http://hl7.org/fhir/tools/StructureDefinition/resource-information">
        <valueString value="Requirements"/>
      </extension>
      <reference>
        <reference value="Requirements/publish-pki-material"/>
      </reference>
      <name value="Publish PKI material"/>
      <description value="Publish trust material to a Trust Anchor"/>
      <isExample value="false"/>
    </resource>
    <resource>
      <extension url="http://hl7.org/fhir/tools/StructureDefinition/resource-information">
        <valueString value="Requirements"/>
      </extension>
      <reference>
        <reference value="Requirements/receive-pki-material"/>
      </reference>
      <name value="Receive PKI material"/>
      <description value="Receive trust material from a Trust Network Participant, for distribution within the Trust Network"/>
      <isExample value="false"/>
    </resource>
    <resource>
      <extension url="http://hl7.org/fhir/tools/StructureDefinition/resource-information">
        <valueString value="Requirements"/>
      </extension>
      <reference>
        <reference value="Requirements/receive-a-vhl"/>
      </reference>
      <name value="Receive VHL or VDHC"/>
      <description value="Is able to receive a VHL authorization mechanism or a VDHC from a Holder"/>
      <isExample value="false"/>
    </resource>
    <resource>
      <extension url="http://hl7.org/fhir/tools/StructureDefinition/resource-information">
        <valueString value="ActorDefinition"/>
      </extension>
      <reference>
        <reference value="ActorDefinition/Receiver"/>
      </reference>
      <name value="Receiver"/>
      <description value="Receiver (system) of [Verifiable Health Certificate](https://smart.who.int/trust/concepts.html#verifiable-digital-health-certificate) or [Verifiable Health Link](https://build.fhir.org/ig/IHE/ITI.VHL/branches/master/index.html)"/>
      <isExample value="false"/>
      <profile value="http://smart.who.int/trust-phw/StructureDefinition/SGActor"/>
    </resource>
    <resource>
      <extension url="http://hl7.org/fhir/tools/StructureDefinition/resource-information">
        <valueString value="Requirements"/>
      </extension>
      <reference>
        <reference value="Requirements/retrieve-pki-material"/>
      </reference>
      <name value="Retrieve PKI material"/>
      <description value="Retrieve PKI material from a distribution point"/>
      <isExample value="false"/>
    </resource>
    <resource>
      <extension url="http://hl7.org/fhir/tools/StructureDefinition/resource-information">
        <valueString value="StructureDefinition:extension"/>
      </extension>
      <reference>
        <reference value="StructureDefinition/SelectiveDisclosure"/>
      </reference>
      <name value="SelectiveDisclosure"/>
      <description value="Guidance that a document signing service with selective disclosure support (e.g. SD-JWT) should perform a selective disclosure of the content of the containing node of the extension in the JSON representation of the FHIR instance.&#xA;&#xA;The code value should be from a code system containing appropriate disclosure statements for the use case.  The disclosure statement should describe the content that is to be disclosed at that node.  For example a code such as 'disclose-date-of-birth' or 'disclose-vaccine-history'."/>
      <isExample value="false"/>
    </resource>
    <resource>
      <extension url="http://hl7.org/fhir/tools/StructureDefinition/resource-information">
        <valueString value="StructureDefinition:resource"/>
      </extension>
      <reference>
        <reference value="StructureDefinition/SGActor"/>
      </reference>
      <name value="SGActor"/>
      <description value="Smart Guidelines Actor"/>
      <isExample value="false"/>
    </resource>
    <resource>
      <extension url="http://hl7.org/fhir/tools/StructureDefinition/resource-information">
        <valueString value="StructureDefinition:extension"/>
      </extension>
      <reference>
        <reference value="StructureDefinition/SGActorExt"/>
      </reference>
      <name value="SGActorExt"/>
      <description value="Smart Guidelines Actor Reference extension"/>
      <isExample value="false"/>
    </resource>
    <resource>
      <extension url="http://hl7.org/fhir/tools/StructureDefinition/resource-information">
        <valueString value="StructureDefinition:extension"/>
      </extension>
      <reference>
        <reference value="StructureDefinition/SGDocumentation"/>
      </reference>
      <name value="SGDocumentation"/>
      <description value="Smart Guidelines Documentation extension"/>
      <isExample value="false"/>
    </resource>
    <resource>
      <extension url="http://hl7.org/fhir/tools/StructureDefinition/resource-information">
        <valueString value="StructureDefinition:resource"/>
      </extension>
      <reference>
        <reference value="StructureDefinition/SGGraphDefinition"/>
      </reference>
      <name value="SGGraphDefinition"/>
      <description value="SMART Guidelines Transaction Definition"/>
      <isExample value="false"/>
    </resource>
    <resource>
      <extension url="http://hl7.org/fhir/tools/StructureDefinition/resource-information">
        <valueString value="StructureDefinition:extension"/>
      </extension>
      <reference>
        <reference value="StructureDefinition/SGMarkdown"/>
      </reference>
      <name value="SGMarkdown"/>
      <description value="Smart Guidelines markdown extension"/>
      <isExample value="false"/>
    </resource>
    <resource>
      <extension url="http://hl7.org/fhir/tools/StructureDefinition/resource-information">
        <valueString value="StructureDefinition:resource"/>
      </extension>
      <reference>
        <reference value="StructureDefinition/SGTransaction"/>
      </reference>
      <name value="SGTransaction"/>
      <description value="SMART Guidelines Transaction Definition"/>
      <isExample value="false"/>
    </resource>
    <resource>
      <extension url="http://hl7.org/fhir/tools/StructureDefinition/resource-information">
        <valueString value="ValueSet"/>
      </extension>
      <reference>
        <reference value="ValueSet/DocumentationSection"/>
      </reference>
      <name value="Smart Guidelines Documentation Section"/>
      <description value="CodeSystem for Smart Guidelines Documentation Section to autogenerate documentation from artifacts"/>
      <isExample value="false"/>
    </resource>
    <resource>
      <extension url="http://hl7.org/fhir/tools/StructureDefinition/resource-information">
        <valueString value="CodeSystem"/>
      </extension>
      <reference>
        <reference value="CodeSystem/DocumentationSections"/>
      </reference>
      <name value="Smart Guidelines Documentation Section"/>
      <description value="CodeSystem for Smart Guidelines Documentation Section to autogenerate documentation from artifacts"/>
      <isExample value="false"/>
    </resource>
    <resource>
      <extension url="http://hl7.org/fhir/tools/StructureDefinition/resource-information">
        <valueString value="ActorDefinition"/>
      </extension>
      <reference>
        <reference value="ActorDefinition/TrustNetworkAnchor"/>
      </reference>
      <name value="Trust Network Anchor"/>
      <description value="Trust Anchor which receives and distributes PKI-material within a Trust Network"/>
      <isExample value="false"/>
      <profile value="http://smart.who.int/trust-phw/StructureDefinition/SGActor"/>
    </resource>
    <resource>
      <extension url="http://hl7.org/fhir/tools/StructureDefinition/resource-information">
        <valueString value="ActorDefinition"/>
      </extension>
      <reference>
        <reference value="ActorDefinition/TrustNetworkParticipant"/>
      </reference>
      <name value="Trust Network Participant"/>
      <description value="Trust Network Participant which publishes and or receives PKI-material within a Trust Network"/>
      <isExample value="false"/>
      <profile value="http://smart.who.int/trust-phw/StructureDefinition/SGActor"/>
    </resource>
    <page>
      <sourceUrl value="toc.html"/>
      <name value="toc.html"/>
      <title value="Table of Contents"/>
      <generation value="html"/>
      <page>
        <sourceUrl value="index.html"/>
        <name value="index.html"/>
        <title value="Home"/>
        <generation value="markdown"/>
        <page>
          <sourceUrl value="changes.html"/>
          <name value="changes.html"/>
          <title value="Changes"/>
          <generation value="markdown"/>
        </page>
        <page>
          <sourceUrl value="dependencies.html"/>
          <name value="dependencies.html"/>
          <title value="Dependencies"/>
          <generation value="markdown"/>
        </page>
        <page>
          <sourceUrl value="references.html"/>
          <name value="references.html"/>
          <title value="References"/>
          <generation value="markdown"/>
        </page>
        <page>
          <sourceUrl value="adapting.html"/>
          <name value="adapting.html"/>
          <title value="Adapting Guidelines for Country use"/>
          <generation value="markdown"/>
        </page>
        <page>
          <sourceUrl value="license.html"/>
          <name value="license.html"/>
          <title value="License"/>
          <generation value="markdown"/>
        </page>
      </page>
      <page>
        <sourceUrl value="business-requirements.html"/>
        <name value="business-requirements.html"/>
        <title value="Business Requirements"/>
        <generation value="markdown"/>
        <page>
          <sourceUrl value="concepts.html"/>
          <name value="concepts.html"/>
          <title value="Concepts"/>
          <generation value="markdown"/>
        </page>
        <page>
          <sourceUrl value="personas.html"/>
          <name value="personas.html"/>
          <title value="Generic Personas"/>
          <generation value="markdown"/>
        </page>
        <page>
          <sourceUrl value="scenarios.html"/>
          <name value="scenarios.html"/>
          <title value="User Scenarios"/>
          <generation value="markdown"/>
        </page>
        <page>
          <sourceUrl value="business-processes.html"/>
          <name value="business-processes.html"/>
          <title value="Business Processes"/>
          <generation value="markdown"/>
        </page>
        <page>
          <sourceUrl value="dictionary.html"/>
          <name value="dictionary.html"/>
          <title value="Data Dictionary"/>
          <generation value="markdown"/>
        </page>
        <page>
          <sourceUrl value="decision-logic.html"/>
          <name value="decision-logic.html"/>
          <title value="Decision-support logic"/>
          <generation value="markdown"/>
        </page>
        <page>
          <sourceUrl value="indicators.html"/>
          <name value="indicators.html"/>
          <title value="Indicator and Performance Metrics"/>
          <generation value="markdown"/>
        </page>
        <page>
          <sourceUrl value="functional-requirements.html"/>
          <name value="functional-requirements.html"/>
          <title value="Functional Requirements"/>
          <generation value="markdown"/>
        </page>
        <page>
          <sourceUrl value="non-functional-requirements.html"/>
          <name value="non-functional-requirements.html"/>
          <title value="Non-functional Requirements"/>
          <generation value="markdown"/>
        </page>
      </page>
      <page>
        <sourceUrl value="data-models-and-exchange.html"/>
        <name value="data-models-and-exchange.html"/>
        <title value="Data Models and Exchange"/>
        <generation value="markdown"/>
        <page>
          <sourceUrl value="system-actors.html"/>
          <name value="system-actors.html"/>
          <title value="System Actors"/>
          <generation value="markdown"/>
        </page>
        <page>
          <sourceUrl value="sequence-diagrams.html"/>
          <name value="sequence-diagrams.html"/>
          <title value="Sequence Diagrams"/>
          <generation value="markdown"/>
        </page>
        <page>
          <sourceUrl value="transactions.html"/>
          <name value="transactions.html"/>
          <title value="Transactions"/>
          <generation value="markdown"/>
        </page>
        <page>
          <sourceUrl value="indicators-measures.html"/>
          <name value="indicators-measures.html"/>
          <title value="Indicators and Measures"/>
          <generation value="markdown"/>
        </page>
        <page>
          <sourceUrl value="codings.html"/>
          <name value="codings.html"/>
          <title value="Codings"/>
          <generation value="markdown"/>
        </page>
      </page>
      <page>
        <sourceUrl value="deployment.html"/>
        <name value="deployment.html"/>
        <title value="Deployment"/>
        <generation value="markdown"/>
        <page>
          <sourceUrl value="security-privacy.html"/>
          <name value="security-privacy.html"/>
          <title value="Security and Privacy Considerations"/>
          <generation value="markdown"/>
        </page>
        <page>
          <sourceUrl value="testing.html"/>
          <name value="testing.html"/>
          <title value="Testing"/>
          <generation value="markdown"/>
        </page>
        <page>
          <sourceUrl value="test-data.html"/>
          <name value="test-data.html"/>
          <title value="Test Data"/>
          <generation value="markdown"/>
        </page>
        <page>
          <sourceUrl value="reference-implementations.html"/>
          <name value="reference-implementations.html"/>
          <title value="Reference Implementations"/>
          <generation value="markdown"/>
        </page>
        <page>
          <sourceUrl value="trust_domain.html"/>
          <name value="trust_domain.html"/>
          <title value="Trust Domains"/>
          <generation value="markdown"/>
        </page>
        <page>
          <sourceUrl value="downloads.html"/>
          <name value="downloads.html"/>
          <title value="Downloads"/>
          <generation value="markdown"/>
        </page>
      </page>
      <page>
        <sourceUrl value="indices.html"/>
        <name value="indices.html"/>
        <title value="Indices"/>
        <generation value="markdown"/>
        <page>
          <sourceUrl value="artifacts.html"/>
          <name value="artifacts.html"/>
          <title value="Artifact Index"/>
          <generation value="html"/>
        </page>
        <page>
          <sourceUrl value="maps.html"/>
          <name value="maps.html"/>
          <title value="Mappings"/>
          <generation value="markdown"/>
        </page>
      </page>
    </page>
    <parameter>
      <code>
        <system value="http://hl7.org/fhir/tools/CodeSystem/ig-parameters"/>
        <code value="copyrightyear"/>
      </code>
      <value value="2023+"/>
    </parameter>
    <parameter>
      <code>
        <system value="http://hl7.org/fhir/tools/CodeSystem/ig-parameters"/>
        <code value="releaselabel"/>
      </code>
      <value value="ci-build"/>
    </parameter>
    <parameter>
      <code>
        <system value="http://hl7.org/fhir/tools/CodeSystem/ig-parameters"/>
        <code value="produce-jekyll-data"/>
      </code>
      <value value="true"/>
    </parameter>
    <parameter>
      <code>
        <system value="http://hl7.org/fhir/tools/CodeSystem/ig-parameters"/>
        <code value="autoload-resources"/>
      </code>
      <value value="true"/>
    </parameter>
    <parameter>
      <code>
        <system value="http://hl7.org/fhir/guide-parameter-code"/>
        <code value="path-resource"/>
      </code>
      <value value="input/capabilities"/>
    </parameter>
    <parameter>
      <code>
        <system value="http://hl7.org/fhir/guide-parameter-code"/>
        <code value="path-resource"/>
      </code>
      <value value="input/examples"/>
    </parameter>
    <parameter>
      <code>
        <system value="http://hl7.org/fhir/guide-parameter-code"/>
        <code value="path-resource"/>
      </code>
      <value value="input/extensions"/>
    </parameter>
    <parameter>
      <code>
        <system value="http://hl7.org/fhir/guide-parameter-code"/>
        <code value="path-resource"/>
      </code>
      <value value="input/models"/>
    </parameter>
    <parameter>
      <code>
        <system value="http://hl7.org/fhir/guide-parameter-code"/>
        <code value="path-resource"/>
      </code>
      <value value="input/operations"/>
    </parameter>
    <parameter>
      <code>
        <system value="http://hl7.org/fhir/guide-parameter-code"/>
        <code value="path-resource"/>
      </code>
      <value value="input/profiles"/>
    </parameter>
    <parameter>
      <code>
        <system value="http://hl7.org/fhir/guide-parameter-code"/>
        <code value="path-resource"/>
      </code>
      <value value="input/resources"/>
    </parameter>
    <parameter>
      <code>
        <system value="http://hl7.org/fhir/guide-parameter-code"/>
        <code value="path-resource"/>
      </code>
      <value value="input/vocabulary"/>
    </parameter>
    <parameter>
      <code>
        <system value="http://hl7.org/fhir/guide-parameter-code"/>
        <code value="path-resource"/>
      </code>
      <value value="input/maps"/>
    </parameter>
    <parameter>
      <code>
        <system value="http://hl7.org/fhir/guide-parameter-code"/>
        <code value="path-resource"/>
      </code>
      <value value="input/testing"/>
    </parameter>
    <parameter>
      <code>
        <system value="http://hl7.org/fhir/guide-parameter-code"/>
        <code value="path-resource"/>
      </code>
      <value value="input/history"/>
    </parameter>
    <parameter>
      <code>
        <system value="http://hl7.org/fhir/guide-parameter-code"/>
        <code value="path-resource"/>
      </code>
      <value value="fsh-generated/resources"/>
    </parameter>
    <parameter>
      <code>
        <system value="http://hl7.org/fhir/guide-parameter-code"/>
        <code value="path-pages"/>
      </code>
      <value value="template/config"/>
    </parameter>
    <parameter>
      <code>
        <system value="http://hl7.org/fhir/guide-parameter-code"/>
        <code value="path-pages"/>
      </code>
      <value value="input/images"/>
    </parameter>
    <parameter>
      <code>
        <system value="http://hl7.org/fhir/tools/CodeSystem/ig-parameters"/>
        <code value="path-liquid"/>
      </code>
      <value value="template/liquid"/>
    </parameter>
    <parameter>
      <code>
        <system value="http://hl7.org/fhir/tools/CodeSystem/ig-parameters"/>
        <code value="path-liquid"/>
      </code>
      <value value="input/liquid"/>
    </parameter>
    <parameter>
      <code>
        <system value="http://hl7.org/fhir/tools/CodeSystem/ig-parameters"/>
        <code value="path-qa"/>
      </code>
      <value value="temp/qa"/>
    </parameter>
    <parameter>
      <code>
        <system value="http://hl7.org/fhir/tools/CodeSystem/ig-parameters"/>
        <code value="path-temp"/>
      </code>
      <value value="temp/pages"/>
    </parameter>
    <parameter>
      <code>
        <system value="http://hl7.org/fhir/tools/CodeSystem/ig-parameters"/>
        <code value="path-output"/>
      </code>
      <value value="output"/>
    </parameter>
    <parameter>
      <code>
        <system value="http://hl7.org/fhir/guide-parameter-code"/>
        <code value="path-tx-cache"/>
      </code>
      <value value="input-cache/txcache"/>
    </parameter>
    <parameter>
      <code>
        <system value="http://hl7.org/fhir/tools/CodeSystem/ig-parameters"/>
        <code value="path-suppressed-warnings"/>
      </code>
      <value value="input/ignoreWarnings.txt"/>
    </parameter>
    <parameter>
      <code>
        <system value="http://hl7.org/fhir/tools/CodeSystem/ig-parameters"/>
        <code value="path-history"/>
      </code>
      <value value="http://smart.who.int/trust-phw/history.html"/>
    </parameter>
    <parameter>
      <code>
        <system value="http://hl7.org/fhir/tools/CodeSystem/ig-parameters"/>
        <code value="template-html"/>
      </code>
      <value value="template-page.html"/>
    </parameter>
    <parameter>
      <code>
        <system value="http://hl7.org/fhir/tools/CodeSystem/ig-parameters"/>
        <code value="template-md"/>
      </code>
      <value value="template-page-md.html"/>
    </parameter>
    <parameter>
      <code>
        <system value="http://hl7.org/fhir/tools/CodeSystem/ig-parameters"/>
        <code value="apply-contact"/>
      </code>
      <value value="true"/>
    </parameter>
    <parameter>
      <code>
        <system value="http://hl7.org/fhir/tools/CodeSystem/ig-parameters"/>
        <code value="apply-context"/>
      </code>
      <value value="true"/>
    </parameter>
    <parameter>
      <code>
        <system value="http://hl7.org/fhir/tools/CodeSystem/ig-parameters"/>
        <code value="apply-copyright"/>
      </code>
      <value value="true"/>
    </parameter>
    <parameter>
      <code>
        <system value="http://hl7.org/fhir/tools/CodeSystem/ig-parameters"/>
        <code value="apply-jurisdiction"/>
      </code>
      <value value="true"/>
    </parameter>
    <parameter>
      <code>
        <system value="http://hl7.org/fhir/tools/CodeSystem/ig-parameters"/>
        <code value="apply-license"/>
      </code>
      <value value="true"/>
    </parameter>
    <parameter>
      <code>
        <system value="http://hl7.org/fhir/tools/CodeSystem/ig-parameters"/>
        <code value="apply-publisher"/>
      </code>
      <value value="true"/>
    </parameter>
    <parameter>
      <code>
        <system value="http://hl7.org/fhir/tools/CodeSystem/ig-parameters"/>
        <code value="apply-version"/>
      </code>
      <value value="true"/>
    </parameter>
    <parameter>
      <code>
        <system value="http://hl7.org/fhir/tools/CodeSystem/ig-parameters"/>
        <code value="apply-wg"/>
      </code>
      <value value="true"/>
    </parameter>
    <parameter>
      <code>
        <system value="http://hl7.org/fhir/tools/CodeSystem/ig-parameters"/>
        <code value="active-tables"/>
      </code>
      <value value="true"/>
    </parameter>
    <parameter>
      <code>
        <system value="http://hl7.org/fhir/tools/CodeSystem/ig-parameters"/>
        <code value="fmm-definition"/>
      </code>
      <value value="http://hl7.org/fhir/versions.html#maturity"/>
    </parameter>
    <parameter>
      <code>
        <system value="http://hl7.org/fhir/tools/CodeSystem/ig-parameters"/>
        <code value="propagate-status"/>
      </code>
      <value value="true"/>
    </parameter>
    <parameter>
      <code>
        <system value="http://hl7.org/fhir/tools/CodeSystem/ig-parameters"/>
        <code value="excludelogbinaryformat"/>
      </code>
      <value value="true"/>
    </parameter>
    <parameter>
      <code>
        <system value="http://hl7.org/fhir/tools/CodeSystem/ig-parameters"/>
        <code value="tabbed-snapshots"/>
      </code>
      <value value="true"/>
    </parameter>
  </definition>
</ImplementationGuide>