<?xml version="1.0" encoding="UTF-8"?><ActorDefinition xmlns="http://hl7.org/fhir"><id value="Receiver"/><meta><profile value="http://smart.who.int/trust-phw/StructureDefinition/SGActor"/></meta><text><status value="generated"/><div xmlns="http://www.w3.org/1999/xhtml"><p class="res-header-id"><b>Generated Narrative: ActorDefinition Receiver</b></p><a name="Receiver"> </a><a name="hcReceiver"> </a><a name="Receiver-en-US"> </a><table class="grid"><tr><td><b>Actor: Receiver </b></td><td>Receiver</td><td>Type: system </td><td colspan="2"/></tr><tr><td colspan="3"/></tr><tr><td>Derived from:</td></tr></table></div></text><url value="http://smart.who.int/trust-phw/ActorDefinition/Receiver"/><version value="0.1.0"/><name value="Receiver"/><title value="Receiver"/><status value="active"/><experimental value="true"/><date value="2025-02-26T20:20:00+00:00"/><publisher value="WHO"/><contact><name value="WHO"/><telecom><system value="url"/><value value="http://who.int"/></telecom></contact><description value="Receiver (system) of [Verifiable Health Certificate](https://smart.who.int/trust/concepts.html#verifiable-digital-health-certificate) or [Verifiable Health Link](https://build.fhir.org/ig/IHE/ITI.VHL/branches/master/index.html)"/><jurisdiction><coding><system value="http://unstats.un.org/unsd/methods/m49/m49.htm"/><code value="001"/><display value="World"/></coding></jurisdiction><type value="system"/><derivedFrom value="http://smart.who.int/trust-phw/ActorDefinition/TrustNetworkParticipant"/></ActorDefinition>