<?xml version="1.0" encoding="UTF-8"?><ActorDefinition xmlns="http://hl7.org/fhir"><id value="ConsentRegistry"/><meta><profile value="http://smart.who.int/trust-phw/StructureDefinition/SGActor"/></meta><text><status value="generated"/><div xmlns="http://www.w3.org/1999/xhtml"><p class="res-header-id"><b>Generated Narrative: ActorDefinition ConsentRegistry</b></p><a name="ConsentRegistry"> </a><a name="hcConsentRegistry"> </a><a name="ConsentRegistry-en-US"> </a><table class="grid"><tr><td><b>Actor: ConsentRegistry </b></td><td>Consent Registry</td><td>Type: system </td></tr><tr><td colspan="3"/></tr></table></div></text><url value="http://smart.who.int/trust-phw/ActorDefinition/ConsentRegistry"/><version value="0.1.0"/><name value="ConsentRegistry"/><title value="Consent Registry"/><status value="active"/><experimental value="true"/><date value="2025-02-26T20:20:00+00:00"/><publisher value="WHO"/><contact><name value="WHO"/><telecom><system value="url"/><value value="http://who.int"/></telecom></contact><description value="[IHE PCF Consent Registry](https://profiles.ihe.net/ITI/PCF/volume-1.html#153112-consent-registry) actor"/><jurisdiction><coding><system value="http://unstats.un.org/unsd/methods/m49/m49.htm"/><code value="001"/><display value="World"/></coding></jurisdiction><type value="system"/></ActorDefinition>