<?xml version="1.0" encoding="UTF-8"?><GraphDefinition xmlns="http://hl7.org/fhir"><id value="GenerateVHL"/><meta><profile value="http://smart.who.int/trust-phw/StructureDefinition/SGTransaction"/></meta><url value="http://smart.who.int/trust-phw/GraphDefinition/GenerateVHL"/><version value="0.1.0"/><name value="GenerateVHL"/><title value="Generate VHL Request"/><status value="active"/><experimental value="true"/><date value="2025-02-26T20:20:00+00:00"/><publisher value="WHO"/><contact><name value="WHO"/><telecom><system value="url"/><value value="http://who.int"/></telecom></contact><description value="A Holder requests an Issuer to generate a VHL"/><jurisdiction><coding><system value="http://unstats.un.org/unsd/methods/m49/m49.htm"/><code value="001"/><display value="World"/></coding></jurisdiction><node><extension url="http://smart.who.int/trust-phw/StructureDefinition/SGActorExt"><valueReference><reference value="ActorDefinition/Holder"/></valueReference></extension><nodeId value="source"/><type value="ActorDefinition"/></node><node><extension url="http://smart.who.int/trust-phw/StructureDefinition/SGActorExt"><valueReference><reference value="ActorDefinition/Issuer"/></valueReference></extension><nodeId value="target"/><type value="ActorDefinition"/></node><link><extension url="http://smart.who.int/trust-phw/StructureDefinition/SGDocumentation"><extension url="http://smart.who.int/base/StructureDefinition/Sgcode"><valueCoding><system value="http://smart.who.int/trust-phw/CodeSystem/DocumentationSection"/><code value="request-trigger"/></valueCoding></extension><extension url="http://smart.who.int/trust-phw/StructureDefinition/SGMarkdown"><valueMarkdown value="A Holder wishes to request a VHL from an Issuer.&#xA;&#xA;Optionally: The holder has selected consent and selective disclosure directives. "/></extension></extension><extension url="http://smart.who.int/trust-phw/StructureDefinition/SGDocumentation"><extension url="http://smart.who.int/base/StructureDefinition/Sgcode"><valueCoding><system value="http://smart.who.int/trust-phw/CodeSystem/DocumentationSection"/><code value="request-semantics"/></valueCoding></extension><extension url="http://smart.who.int/trust-phw/StructureDefinition/SGMarkdown"><valueMarkdown value="none defined. up to a content profile to define "/></extension></extension><extension url="http://smart.who.int/trust-phw/StructureDefinition/SGDocumentation"><extension url="http://smart.who.int/base/StructureDefinition/Sgcode"><valueCoding><system value="http://smart.who.int/trust-phw/CodeSystem/DocumentationSection"/><code value="request-actions"/></valueCoding></extension><extension url="http://smart.who.int/trust-phw/StructureDefinition/SGMarkdown"><valueMarkdown value="The Issuer will generate a VHL"/></extension></extension><extension url="http://smart.who.int/trust-phw/StructureDefinition/SGDocumentation"><extension url="http://smart.who.int/base/StructureDefinition/Sgcode"><valueCoding><system value="http://smart.who.int/trust-phw/CodeSystem/DocumentationSection"/><code value="response-trigger"/></valueCoding></extension><extension url="http://smart.who.int/trust-phw/StructureDefinition/SGMarkdown"><valueMarkdown value="Issuer has performed any necceasry document generation, digital signatures and has generated a VHL according to a content profile."/></extension></extension><extension url="http://smart.who.int/trust-phw/StructureDefinition/SGDocumentation"><extension url="http://smart.who.int/base/StructureDefinition/Sgcode"><valueCoding><system value="http://smart.who.int/trust-phw/CodeSystem/DocumentationSection"/><code value="response-semantics"/></valueCoding></extension><extension url="http://smart.who.int/trust-phw/StructureDefinition/SGMarkdown"><valueMarkdown value="none defined. up to content profile to define "/></extension></extension><extension url="http://smart.who.int/trust-phw/StructureDefinition/SGDocumentation"><extension url="http://smart.who.int/base/StructureDefinition/Sgcode"><valueCoding><system value="http://smart.who.int/trust-phw/CodeSystem/DocumentationSection"/><code value="response-actions"/></valueCoding></extension><extension url="http://smart.who.int/trust-phw/StructureDefinition/SGMarkdown"><valueMarkdown value="The Holder accepts the VHL for storage on wallet or other utilization"/></extension></extension><extension url="http://smart.who.int/trust-phw/StructureDefinition/SGDocumentation"><extension url="http://smart.who.int/base/StructureDefinition/Sgcode"><valueCoding><system value="http://smart.who.int/trust-phw/CodeSystem/DocumentationSection"/><code value="security-considerations"/></valueCoding></extension><extension url="http://smart.who.int/trust-phw/StructureDefinition/SGMarkdown"><valueMarkdown value="Depends on the content profile "/></extension></extension><sourceId value="source"/><targetId value="target"/></link></GraphDefinition>