<?xml version="1.0" encoding="UTF-8"?><Requirements xmlns="http://hl7.org/fhir"><id value="receive-pki-material"/><text><status value="generated"/><div xmlns="http://www.w3.org/1999/xhtml"><p class="res-header-id"><b>Generated Narrative: Requirements receive-pki-material</b></p><a name="receive-pki-material"> </a><a name="hcreceive-pki-material"> </a><a name="receive-pki-material-en-US"> </a><p>These requirements apply to the actor <a href="ActorDefinition-TrustNetworkAnchor.html">Trust Network Anchor</a></p><table class="grid"/></div></text><url value="http://smart.who.int/trust-phw/Requirements/receive-pki-material"/><version value="0.1.0"/><title value="Receive PKI material"/><status value="active"/><date value="2025-02-26T20:20:00+00:00"/><publisher value="WHO"/><contact><name value="WHO"/><telecom><system value="url"/><value value="http://who.int"/></telecom></contact><description value="Receive trust material from a Trust Network Participant, for distribution within the Trust Network"/><jurisdiction><coding><system value="http://unstats.un.org/unsd/methods/m49/m49.htm"/><code value="001"/><display value="World"/></coding></jurisdiction><actor value="http://smart.who.int/trust-phw/ActorDefinition/TrustNetworkAnchor"/></Requirements>