<?xml version="1.0" encoding="UTF-8"?><Requirements xmlns="http://hl7.org/fhir"><id value="publish-pki-material"/><text><status value="generated"/><div xmlns="http://www.w3.org/1999/xhtml"><p class="res-header-id"><b>Generated Narrative: Requirements publish-pki-material</b></p><a name="publish-pki-material"> </a><a name="hcpublish-pki-material"> </a><a name="publish-pki-material-en-US"> </a><p>These requirements apply to the actor <a href="ActorDefinition-TrustNetworkParticipant.html">Trust Network Participant</a></p><table class="grid"/></div></text><url value="http://smart.who.int/trust-phw/Requirements/publish-pki-material"/><version value="0.1.0"/><title value="Publish PKI material"/><status value="active"/><date value="2025-02-26T20:20:00+00:00"/><publisher value="WHO"/><contact><name value="WHO"/><telecom><system value="url"/><value value="http://who.int"/></telecom></contact><description value="Publish trust material to a Trust Anchor"/><jurisdiction><coding><system value="http://unstats.un.org/unsd/methods/m49/m49.htm"/><code value="001"/><display value="World"/></coding></jurisdiction><actor value="http://smart.who.int/trust-phw/ActorDefinition/TrustNetworkParticipant"/></Requirements>