{
  "resourceType" : "ActorDefinition",
  "id" : "TrustNetworkAnchor",
  "meta" : {
    "profile" : ["http://smart.who.int/trust-phw/StructureDefinition/SGActor"]
  },
  "text" : {
    "status" : "generated",
    "div" : "<div xmlns=\"http://www.w3.org/1999/xhtml\"><p class=\"res-header-id\"><b>Generated Narrative: ActorDefinition TrustNetworkAnchor</b></p><a name=\"TrustNetworkAnchor\"> </a><a name=\"hcTrustNetworkAnchor\"> </a><a name=\"TrustNetworkAnchor-en-US\"> </a><table class=\"grid\"><tr><td><b>Actor: Trust Network Anchor </b></td><td>Trust Network Anchor</td><td>Type: system </td></tr><tr><td colspan=\"3\"/></tr></table></div>"
  },
  "url" : "http://smart.who.int/trust-phw/ActorDefinition/TrustNetworkAnchor",
  "version" : "0.1.0",
  "name" : "Trust Network Anchor",
  "title" : "Trust Network Anchor",
  "status" : "active",
  "experimental" : true,
  "date" : "2025-02-26T20:20:00+00:00",
  "publisher" : "WHO",
  "contact" : [{
    "name" : "WHO",
    "telecom" : [{
      "system" : "url",
      "value" : "http://who.int"
    }]
  }],
  "description" : "Trust Anchor which receives and distributes PKI-material within a Trust Network",
  "jurisdiction" : [{
    "coding" : [{
      "system" : "http://unstats.un.org/unsd/methods/m49/m49.htm",
      "code" : "001",
      "display" : "World"
    }]
  }],
  "type" : "system"
}