{
  "resourceType" : "Requirements",
  "id" : "provide-a-vhl-to-a-receiver",
  "text" : {
    "status" : "generated",
    "div" : "<div xmlns=\"http://www.w3.org/1999/xhtml\"><p class=\"res-header-id\"><b>Generated Narrative: Requirements provide-a-vhl-to-a-receiver</b></p><a name=\"provide-a-vhl-to-a-receiver\"> </a><a name=\"hcprovide-a-vhl-to-a-receiver\"> </a><a name=\"provide-a-vhl-to-a-receiver-en-US\"> </a><p>These requirements apply to the actor <a href=\"ActorDefinition-Holder.html\">Holder</a></p><table class=\"grid\"/></div>"
  },
  "url" : "http://smart.who.int/trust-phw/Requirements/provide-a-vhl-to-a-receiver",
  "version" : "0.1.0",
  "title" : "Provide VHL or VDHC",
  "status" : "active",
  "date" : "2025-02-26T20:20:00+00:00",
  "publisher" : "WHO",
  "contact" : [{
    "name" : "WHO",
    "telecom" : [{
      "system" : "url",
      "value" : "http://who.int"
    }]
  }],
  "description" : "Is able to provide a VHL authorization mechanism or a VDHC to a VHL Receiver",
  "jurisdiction" : [{
    "coding" : [{
      "system" : "http://unstats.un.org/unsd/methods/m49/m49.htm",
      "code" : "001",
      "display" : "World"
    }]
  }],
  "actor" : ["http://smart.who.int/trust-phw/ActorDefinition/Holder"]
}