{
  "resourceType" : "Requirements",
  "id" : "receive-a-vhl",
  "text" : {
    "status" : "generated",
    "div" : "<div xmlns=\"http://www.w3.org/1999/xhtml\"><p class=\"res-header-id\"><b>Generated Narrative: Requirements receive-a-vhl</b></p><a name=\"receive-a-vhl\"> </a><a name=\"hcreceive-a-vhl\"> </a><a name=\"receive-a-vhl-en-US\"> </a><p>These requirements apply to the actor <a href=\"ActorDefinition-Issuer.html\">Issuer</a></p><table class=\"grid\"/></div>"
  },
  "url" : "http://smart.who.int/trust-phw/Requirements/receive-a-vhl",
  "version" : "0.1.0",
  "title" : "Receive VHL or VDHC",
  "status" : "active",
  "date" : "2025-02-26T20:20:00+00:00",
  "publisher" : "WHO",
  "contact" : [{
    "name" : "WHO",
    "telecom" : [{
      "system" : "url",
      "value" : "http://who.int"
    }]
  }],
  "description" : "Is able to receive a VHL authorization mechanism or a VDHC from a Holder",
  "jurisdiction" : [{
    "coding" : [{
      "system" : "http://unstats.un.org/unsd/methods/m49/m49.htm",
      "code" : "001",
      "display" : "World"
    }]
  }],
  "actor" : ["http://smart.who.int/trust-phw/ActorDefinition/Issuer"]
}