{"resourceType":"ActorDefinition","id":"TrustNetworkParticipant","meta":{"profile":["http://smart.who.int/trust-phw/StructureDefinition/SGActor"]},"text":{"status":"generated","div":"<div xmlns=\"http://www.w3.org/1999/xhtml\"><p class=\"res-header-id\"><b>Generated Narrative: ActorDefinition TrustNetworkParticipant</b></p><a name=\"TrustNetworkParticipant\"> </a><a name=\"hcTrustNetworkParticipant\"> </a><a name=\"TrustNetworkParticipant-en-US\"> </a><table class=\"grid\"><tr><td><b>Actor: Trust Network Participant </b></td><td>Trust Network Participant</td><td>Type: system </td></tr><tr><td colspan=\"3\"/></tr></table></div>"},"url":"http://smart.who.int/trust-phw/ActorDefinition/TrustNetworkParticipant","version":"0.1.0","name":"Trust Network Participant","title":"Trust Network Participant","status":"active","experimental":true,"date":"2025-02-26T20:20:00+00:00","publisher":"WHO","contact":[{"name":"WHO","telecom":[{"system":"url","value":"http://who.int"}]}],"description":"Trust Network Participant which publishes and or receives PKI-material within a Trust Network","jurisdiction":[{"coding":[{"system":"http://unstats.un.org/unsd/methods/m49/m49.htm","code":"001","display":"World"}]}],"type":"system"}