{"resourceType":"ActorDefinition","id":"Issuer","meta":{"profile":["http://smart.who.int/trust-phw/StructureDefinition/SGActor"]},"text":{"status":"generated","div":"<div xmlns=\"http://www.w3.org/1999/xhtml\"><p class=\"res-header-id\"><b>Generated Narrative: ActorDefinition Issuer</b></p><a name=\"Issuer\"> </a><a name=\"hcIssuer\"> </a><a name=\"Issuer-en-US\"> </a><table class=\"grid\"><tr><td><b>Actor: Issuer </b></td><td>Issuer</td><td>Type: system </td><td colspan=\"2\"/></tr><tr><td colspan=\"3\"/></tr><tr><td>Derived from:</td></tr></table></div>"},"url":"http://smart.who.int/trust-phw/ActorDefinition/Issuer","version":"0.1.0","name":"Issuer","title":"Issuer","status":"active","experimental":true,"date":"2025-02-26T20:20:00+00:00","publisher":"WHO","contact":[{"name":"WHO","telecom":[{"system":"url","value":"http://who.int"}]}],"description":"Issuer (system) of [Verifiable Health Certificate](https://smart.who.int/trust/concepts.html#verifiable-digital-health-certificate) or [Verifiable Health Link](https://build.fhir.org/ig/IHE/ITI.VHL/branches/master/index.html)","jurisdiction":[{"coding":[{"system":"http://unstats.un.org/unsd/methods/m49/m49.htm","code":"001","display":"World"}]}],"type":"system","derivedFrom":["http://smart.who.int/trust-phw/ActorDefinition/TrustNetworkParticipant"]}