{"resourceType":"ActorDefinition","id":"ConsentRegistry","meta":{"profile":["http://smart.who.int/trust-phw/StructureDefinition/SGActor"]},"text":{"status":"generated","div":"<div xmlns=\"http://www.w3.org/1999/xhtml\"><p class=\"res-header-id\"><b>Generated Narrative: ActorDefinition ConsentRegistry</b></p><a name=\"ConsentRegistry\"> </a><a name=\"hcConsentRegistry\"> </a><a name=\"ConsentRegistry-en-US\"> </a><table class=\"grid\"><tr><td><b>Actor: ConsentRegistry </b></td><td>Consent Registry</td><td>Type: system </td></tr><tr><td colspan=\"3\"/></tr></table></div>"},"url":"http://smart.who.int/trust-phw/ActorDefinition/ConsentRegistry","version":"0.1.0","name":"ConsentRegistry","title":"Consent Registry","status":"active","experimental":true,"date":"2025-02-26T20:20:00+00:00","publisher":"WHO","contact":[{"name":"WHO","telecom":[{"system":"url","value":"http://who.int"}]}],"description":"[IHE PCF Consent Registry](https://profiles.ihe.net/ITI/PCF/volume-1.html#153112-consent-registry) actor","jurisdiction":[{"coding":[{"system":"http://unstats.un.org/unsd/methods/m49/m49.htm","code":"001","display":"World"}]}],"type":"system"}