{"resourceType":"ActorDefinition","id":"Holder","meta":{"profile":["http://smart.who.int/trust-phw/StructureDefinition/SGActor"]},"text":{"status":"generated","div":"<div xmlns=\"http://www.w3.org/1999/xhtml\"><p class=\"res-header-id\"><b>Generated Narrative: ActorDefinition Holder</b></p><a name=\"Holder\"> </a><a name=\"hcHolder\"> </a><a name=\"Holder-en-US\"> </a><table class=\"grid\"><tr><td><b>Actor: Holder </b></td><td>Holder</td><td>Type: person </td></tr><tr><td colspan=\"3\"/></tr></table></div>"},"url":"http://smart.who.int/trust-phw/ActorDefinition/Holder","version":"0.1.0","name":"Holder","title":"Holder","status":"active","experimental":true,"date":"2025-02-26T20:20:00+00:00","publisher":"WHO","contact":[{"name":"WHO","telecom":[{"system":"url","value":"http://who.int"}]}],"description":"Holder (person) of [Verifiable Health Certificate](https://smart.who.int/trust/concepts.html#verifiable-digital-health-certificate) or [Verifiable Health Link](https://build.fhir.org/ig/IHE/ITI.VHL/branches/master/index.html)","jurisdiction":[{"coding":[{"system":"http://unstats.un.org/unsd/methods/m49/m49.htm","code":"001","display":"World"}]}],"type":"person"}