{"resourceType":"GraphDefinition","id":"GenerateVHL","meta":{"profile":["http://smart.who.int/trust-phw/StructureDefinition/SGTransaction"]},"url":"http://smart.who.int/trust-phw/GraphDefinition/GenerateVHL","version":"0.1.0","name":"GenerateVHL","title":"Generate VHL Request","status":"active","experimental":true,"date":"2025-02-26T20:20:00+00:00","publisher":"WHO","contact":[{"name":"WHO","telecom":[{"system":"url","value":"http://who.int"}]}],"description":"A Holder requests an Issuer to generate a VHL","jurisdiction":[{"coding":[{"system":"http://unstats.un.org/unsd/methods/m49/m49.htm","code":"001","display":"World"}]}],"node":[{"extension":[{"url":"http://smart.who.int/trust-phw/StructureDefinition/SGActorExt","valueReference":{"reference":"ActorDefinition/Holder"}}],"nodeId":"source","type":"ActorDefinition"},{"extension":[{"url":"http://smart.who.int/trust-phw/StructureDefinition/SGActorExt","valueReference":{"reference":"ActorDefinition/Issuer"}}],"nodeId":"target","type":"ActorDefinition"}],"link":[{"extension":[{"extension":[{"url":"http://smart.who.int/base/StructureDefinition/Sgcode","valueCoding":{"system":"http://smart.who.int/trust-phw/CodeSystem/DocumentationSection","code":"request-trigger"}},{"url":"http://smart.who.int/trust-phw/StructureDefinition/SGMarkdown","valueMarkdown":"A Holder wishes to request a VHL from an Issuer.\n\nOptionally: The holder has selected consent and selective disclosure directives. "}],"url":"http://smart.who.int/trust-phw/StructureDefinition/SGDocumentation"},{"extension":[{"url":"http://smart.who.int/base/StructureDefinition/Sgcode","valueCoding":{"system":"http://smart.who.int/trust-phw/CodeSystem/DocumentationSection","code":"request-semantics"}},{"url":"http://smart.who.int/trust-phw/StructureDefinition/SGMarkdown","valueMarkdown":"none defined. up to a content profile to define "}],"url":"http://smart.who.int/trust-phw/StructureDefinition/SGDocumentation"},{"extension":[{"url":"http://smart.who.int/base/StructureDefinition/Sgcode","valueCoding":{"system":"http://smart.who.int/trust-phw/CodeSystem/DocumentationSection","code":"request-actions"}},{"url":"http://smart.who.int/trust-phw/StructureDefinition/SGMarkdown","valueMarkdown":"The Issuer will generate a VHL"}],"url":"http://smart.who.int/trust-phw/StructureDefinition/SGDocumentation"},{"extension":[{"url":"http://smart.who.int/base/StructureDefinition/Sgcode","valueCoding":{"system":"http://smart.who.int/trust-phw/CodeSystem/DocumentationSection","code":"response-trigger"}},{"url":"http://smart.who.int/trust-phw/StructureDefinition/SGMarkdown","valueMarkdown":"Issuer has performed any necceasry document generation, digital signatures and has generated a VHL according to a content profile."}],"url":"http://smart.who.int/trust-phw/StructureDefinition/SGDocumentation"},{"extension":[{"url":"http://smart.who.int/base/StructureDefinition/Sgcode","valueCoding":{"system":"http://smart.who.int/trust-phw/CodeSystem/DocumentationSection","code":"response-semantics"}},{"url":"http://smart.who.int/trust-phw/StructureDefinition/SGMarkdown","valueMarkdown":"none defined. up to content profile to define "}],"url":"http://smart.who.int/trust-phw/StructureDefinition/SGDocumentation"},{"extension":[{"url":"http://smart.who.int/base/StructureDefinition/Sgcode","valueCoding":{"system":"http://smart.who.int/trust-phw/CodeSystem/DocumentationSection","code":"response-actions"}},{"url":"http://smart.who.int/trust-phw/StructureDefinition/SGMarkdown","valueMarkdown":"The Holder accepts the VHL for storage on wallet or other utilization"}],"url":"http://smart.who.int/trust-phw/StructureDefinition/SGDocumentation"},{"extension":[{"url":"http://smart.who.int/base/StructureDefinition/Sgcode","valueCoding":{"system":"http://smart.who.int/trust-phw/CodeSystem/DocumentationSection","code":"security-considerations"}},{"url":"http://smart.who.int/trust-phw/StructureDefinition/SGMarkdown","valueMarkdown":"Depends on the content profile "}],"url":"http://smart.who.int/trust-phw/StructureDefinition/SGDocumentation"}],"sourceId":"source","targetId":"target"}]}