{"resourceType":"Requirements","id":"distribute-pki-material","text":{"status":"generated","div":"<div xmlns=\"http://www.w3.org/1999/xhtml\"><p class=\"res-header-id\"><b>Generated Narrative: Requirements distribute-pki-material</b></p><a name=\"distribute-pki-material\"> </a><a name=\"hcdistribute-pki-material\"> </a><a name=\"distribute-pki-material-en-US\"> </a><p>These requirements apply to the actor <a href=\"ActorDefinition-TrustNetworkAnchor.html\">Trust Network Anchor</a></p><table class=\"grid\"/></div>"},"url":"http://smart.who.int/trust-phw/Requirements/distribute-pki-material","version":"0.1.0","title":"Distribute PKI material","status":"active","date":"2025-02-26T20:20:00+00:00","publisher":"WHO","contact":[{"name":"WHO","telecom":[{"system":"url","value":"http://who.int"}]}],"description":"Make received trust material available through a distrubution point to a Trust Network Participant","jurisdiction":[{"coding":[{"system":"http://unstats.un.org/unsd/methods/m49/m49.htm","code":"001","display":"World"}]}],"actor":["http://smart.who.int/trust-phw/ActorDefinition/TrustNetworkAnchor"]}