{"resourceType":"Requirements","id":"accept-mtls-connection","text":{"status":"generated","div":"<div xmlns=\"http://www.w3.org/1999/xhtml\"><p class=\"res-header-id\"><b>Generated Narrative: Requirements accept-mtls-connection</b></p><a name=\"accept-mtls-connection\"> </a><a name=\"hcaccept-mtls-connection\"> </a><a name=\"accept-mtls-connection-en-US\"> </a><p>These requirements apply to the actor <a href=\"ActorDefinition-Issuer.html\">Issuer</a></p><table class=\"grid\"/></div>"},"url":"http://smart.who.int/trust-phw/Requirements/accept-mtls-connection","version":"0.1.0","title":"Accept mTLS","status":"active","date":"2025-02-26T20:20:00+00:00","publisher":"WHO","contact":[{"name":"WHO","telecom":[{"system":"url","value":"http://who.int"}]}],"description":"Accept an mTLS in order to conduct further transactions under a secure channel","jurisdiction":[{"coding":[{"system":"http://unstats.un.org/unsd/methods/m49/m49.htm","code":"001","display":"World"}]}],"actor":["http://smart.who.int/trust-phw/ActorDefinition/Issuer"]}