{
  "resourceType" : "ImplementationGuide",
  "id" : "smart.who.int.trust-phw",
  "meta" : {
    "profile" : ["http://smart.who.int/base/StructureDefinition/SGImplementationGuide"]
  },
  "text" : {
    "status" : "generated",
    "div" : "<div xmlns=\"http://www.w3.org/1999/xhtml\"><p class=\"res-header-id\"><b>Generated Narrative: ImplementationGuide smart.who.int.trust-phw</b></p><a name=\"smart.who.int.trust-phw\"> </a><a name=\"hcsmart.who.int.trust-phw\"> </a><a name=\"smart.who.int.trust-phw-en-US\"> </a><h2>IGEmpty</h2><p>The official URL for this implementation guide is: </p><pre>http://smart.who.int/trust-phw/ImplementationGuide/smart.who.int.trust-phw</pre><div><p>An empty Implementation Guide to be used as a starting point for building SMART Guidelines Implementation Guides</p>\n</div></div>"
  },
  "url" : "http://smart.who.int/trust-phw/ImplementationGuide/smart.who.int.trust-phw",
  "version" : "0.1.0",
  "name" : "IGEmpty",
  "title" : "Empty IG",
  "status" : "draft",
  "experimental" : false,
  "date" : "2025-02-26T20:20:00+00:00",
  "publisher" : "WHO",
  "contact" : [{
    "name" : "WHO",
    "telecom" : [{
      "system" : "url",
      "value" : "http://who.int"
    }]
  }],
  "description" : "An empty Implementation Guide to be used as a starting point for building SMART Guidelines Implementation Guides",
  "jurisdiction" : [{
    "coding" : [{
      "system" : "http://unstats.un.org/unsd/methods/m49/m49.htm",
      "code" : "001",
      "display" : "World"
    }]
  }],
  "packageId" : "smart.who.int.trust-phw",
  "license" : "CC-BY-SA-3.0-IGO",
  "fhirVersion" : ["5.0.0"],
  "dependsOn" : [{
    "id" : "hl7_terminology",
    "uri" : "http://terminology.hl7.org/ImplementationGuide/hl7.terminology",
    "packageId" : "hl7.terminology",
    "version" : "5.5.0"
  },
  {
    "id" : "hl7_fhir_uv_extensions_r4",
    "uri" : "http://hl7.org/fhir/extensions/ImplementationGuide/hl7.fhir.uv.extensions",
    "packageId" : "hl7.fhir.uv.extensions.r4",
    "version" : "5.1.0"
  },
  {
    "id" : "hl7_fhir_uv_cql",
    "uri" : "http://hl7.org/fhir/uv/cql/ImplementationGuide/hl7.fhir.uv.cql",
    "packageId" : "hl7.fhir.uv.cql",
    "version" : "1.0.0"
  },
  {
    "id" : "hl7_fhir_uv_crmi",
    "uri" : "http://hl7.org/fhir/uv/crmi/ImplementationGuide/hl7.fhir.uv.crmi",
    "packageId" : "hl7.fhir.uv.crmi",
    "version" : "1.0.0"
  },
  {
    "id" : "hl7_fhir_uv_sdc",
    "uri" : "http://hl7.org/fhir/uv/sdc/ImplementationGuide/hl7.fhir.uv.sdc",
    "packageId" : "hl7.fhir.uv.sdc",
    "version" : "3.0.0"
  },
  {
    "id" : "hl7_fhir_uv_cpg",
    "uri" : "http://hl7.org/fhir/uv/cpg/ImplementationGuide/hl7.fhir.uv.cpg",
    "packageId" : "hl7.fhir.uv.cpg",
    "version" : "2.0.0"
  },
  {
    "id" : "hl7_fhir_us_cqfmeasures",
    "uri" : "http://hl7.org/fhir/us/cqfmeasures/ImplementationGuide/hl7.fhir.us.cqfmeasures",
    "packageId" : "hl7.fhir.us.cqfmeasures",
    "version" : "5.0.0"
  },
  {
    "id" : "sb",
    "uri" : "http://smart.who.int/base/ImplementationGuide/smart.who.int.base",
    "packageId" : "smart.who.int.base",
    "version" : "0.1.0",
    "reason" : "This IG uses SMART base computable guideline capabilities"
  },
  {
    "id" : "trust",
    "uri" : "http://smart.who.int/trust/ImplementationGuide/smart.who.int.trust",
    "packageId" : "smart.who.int.trust",
    "version" : "dev",
    "reason" : "This IG uses SMART trust infrastructure"
  }],
  "definition" : {
    "extension" : [{
      "url" : "http://hl7.org/fhir/tools/StructureDefinition/ig-internal-dependency",
      "valueCode" : "hl7.fhir.uv.tools.r5#0.3.0"
    }],
    "resource" : [{
      "extension" : [{
        "url" : "http://hl7.org/fhir/tools/StructureDefinition/resource-information",
        "valueString" : "Requirements"
      }],
      "reference" : {
        "reference" : "Requirements/accept-mtls-connection"
      },
      "name" : "Accept mTLS",
      "description" : "Accept an mTLS in order to conduct further transactions under a secure channel",
      "isExample" : false
    },
    {
      "extension" : [{
        "url" : "http://hl7.org/fhir/tools/StructureDefinition/resource-information",
        "valueString" : "ActorDefinition"
      }],
      "reference" : {
        "reference" : "ActorDefinition/ConsentRegistry"
      },
      "name" : "Consent Registry",
      "description" : "[IHE PCF Consent Registry](https://profiles.ihe.net/ITI/PCF/volume-1.html#153112-consent-registry) actor",
      "isExample" : false,
      "profile" : ["http://smart.who.int/trust-phw/StructureDefinition/SGActor"]
    },
    {
      "extension" : [{
        "url" : "http://hl7.org/fhir/tools/StructureDefinition/resource-information",
        "valueString" : "Requirements"
      }],
      "reference" : {
        "reference" : "Requirements/distribute-pki-material"
      },
      "name" : "Distribute PKI material",
      "description" : "Make received trust material available through a distrubution point to a Trust Network Participant",
      "isExample" : false
    },
    {
      "extension" : [{
        "url" : "http://hl7.org/fhir/tools/StructureDefinition/resource-information",
        "valueString" : "GraphDefinition"
      }],
      "reference" : {
        "reference" : "GraphDefinition/GenerateVHL"
      },
      "name" : "Generate VHL Request",
      "description" : "A Holder requests an Issuer to generate a VHL",
      "isExample" : true,
      "profile" : ["http://smart.who.int/trust-phw/StructureDefinition/SGTransaction"]
    },
    {
      "extension" : [{
        "url" : "http://hl7.org/fhir/tools/StructureDefinition/resource-information",
        "valueString" : "ActorDefinition"
      }],
      "reference" : {
        "reference" : "ActorDefinition/Holder"
      },
      "name" : "Holder",
      "description" : "Holder (person) of [Verifiable Health Certificate](https://smart.who.int/trust/concepts.html#verifiable-digital-health-certificate) or [Verifiable Health Link](https://build.fhir.org/ig/IHE/ITI.VHL/branches/master/index.html)",
      "isExample" : false,
      "profile" : ["http://smart.who.int/trust-phw/StructureDefinition/SGActor"]
    },
    {
      "extension" : [{
        "url" : "http://hl7.org/fhir/tools/StructureDefinition/resource-information",
        "valueString" : "Requirements"
      }],
      "reference" : {
        "reference" : "Requirements/initiate-mtls-connection"
      },
      "name" : "Initiate mTLS",
      "description" : "Initiate an mTLS in order to conduct further transactions under a secure channel",
      "isExample" : false
    },
    {
      "extension" : [{
        "url" : "http://hl7.org/fhir/tools/StructureDefinition/resource-information",
        "valueString" : "ActorDefinition"
      }],
      "reference" : {
        "reference" : "ActorDefinition/Issuer"
      },
      "name" : "Issuer",
      "description" : "Issuer (system) of [Verifiable Health Certificate](https://smart.who.int/trust/concepts.html#verifiable-digital-health-certificate) or [Verifiable Health Link](https://build.fhir.org/ig/IHE/ITI.VHL/branches/master/index.html)",
      "isExample" : false,
      "profile" : ["http://smart.who.int/trust-phw/StructureDefinition/SGActor"]
    },
    {
      "extension" : [{
        "url" : "http://hl7.org/fhir/tools/StructureDefinition/resource-information",
        "valueString" : "Requirements"
      }],
      "reference" : {
        "reference" : "Requirements/provide-a-vhl-to-a-receiver"
      },
      "name" : "Provide VHL or VDHC",
      "description" : "Is able to provide a VHL authorization mechanism or a VDHC to a VHL Receiver",
      "isExample" : false
    },
    {
      "extension" : [{
        "url" : "http://hl7.org/fhir/tools/StructureDefinition/resource-information",
        "valueString" : "Requirements"
      }],
      "reference" : {
        "reference" : "Requirements/publish-pki-material"
      },
      "name" : "Publish PKI material",
      "description" : "Publish trust material to a Trust Anchor",
      "isExample" : false
    },
    {
      "extension" : [{
        "url" : "http://hl7.org/fhir/tools/StructureDefinition/resource-information",
        "valueString" : "Requirements"
      }],
      "reference" : {
        "reference" : "Requirements/receive-pki-material"
      },
      "name" : "Receive PKI material",
      "description" : "Receive trust material from a Trust Network Participant, for distribution within the Trust Network",
      "isExample" : false
    },
    {
      "extension" : [{
        "url" : "http://hl7.org/fhir/tools/StructureDefinition/resource-information",
        "valueString" : "Requirements"
      }],
      "reference" : {
        "reference" : "Requirements/receive-a-vhl"
      },
      "name" : "Receive VHL or VDHC",
      "description" : "Is able to receive a VHL authorization mechanism or a VDHC from a Holder",
      "isExample" : false
    },
    {
      "extension" : [{
        "url" : "http://hl7.org/fhir/tools/StructureDefinition/resource-information",
        "valueString" : "ActorDefinition"
      }],
      "reference" : {
        "reference" : "ActorDefinition/Receiver"
      },
      "name" : "Receiver",
      "description" : "Receiver (system) of [Verifiable Health Certificate](https://smart.who.int/trust/concepts.html#verifiable-digital-health-certificate) or [Verifiable Health Link](https://build.fhir.org/ig/IHE/ITI.VHL/branches/master/index.html)",
      "isExample" : false,
      "profile" : ["http://smart.who.int/trust-phw/StructureDefinition/SGActor"]
    },
    {
      "extension" : [{
        "url" : "http://hl7.org/fhir/tools/StructureDefinition/resource-information",
        "valueString" : "Requirements"
      }],
      "reference" : {
        "reference" : "Requirements/retrieve-pki-material"
      },
      "name" : "Retrieve PKI material",
      "description" : "Retrieve PKI material from a distribution point",
      "isExample" : false
    },
    {
      "extension" : [{
        "url" : "http://hl7.org/fhir/tools/StructureDefinition/resource-information",
        "valueString" : "StructureDefinition:extension"
      }],
      "reference" : {
        "reference" : "StructureDefinition/SelectiveDisclosure"
      },
      "name" : "SelectiveDisclosure",
      "description" : "Guidance that a document signing service with selective disclosure support (e.g. SD-JWT) should perform a selective disclosure of the content of the containing node of the extension in the JSON representation of the FHIR instance.\n\nThe code value should be from a code system containing appropriate disclosure statements for the use case.  The disclosure statement should describe the content that is to be disclosed at that node.  For example a code such as 'disclose-date-of-birth' or 'disclose-vaccine-history'.",
      "isExample" : false
    },
    {
      "extension" : [{
        "url" : "http://hl7.org/fhir/tools/StructureDefinition/resource-information",
        "valueString" : "StructureDefinition:resource"
      }],
      "reference" : {
        "reference" : "StructureDefinition/SGActor"
      },
      "name" : "SGActor",
      "description" : "Smart Guidelines Actor",
      "isExample" : false
    },
    {
      "extension" : [{
        "url" : "http://hl7.org/fhir/tools/StructureDefinition/resource-information",
        "valueString" : "StructureDefinition:extension"
      }],
      "reference" : {
        "reference" : "StructureDefinition/SGActorExt"
      },
      "name" : "SGActorExt",
      "description" : "Smart Guidelines Actor Reference extension",
      "isExample" : false
    },
    {
      "extension" : [{
        "url" : "http://hl7.org/fhir/tools/StructureDefinition/resource-information",
        "valueString" : "StructureDefinition:extension"
      }],
      "reference" : {
        "reference" : "StructureDefinition/SGDocumentation"
      },
      "name" : "SGDocumentation",
      "description" : "Smart Guidelines Documentation extension",
      "isExample" : false
    },
    {
      "extension" : [{
        "url" : "http://hl7.org/fhir/tools/StructureDefinition/resource-information",
        "valueString" : "StructureDefinition:resource"
      }],
      "reference" : {
        "reference" : "StructureDefinition/SGGraphDefinition"
      },
      "name" : "SGGraphDefinition",
      "description" : "SMART Guidelines Transaction Definition",
      "isExample" : false
    },
    {
      "extension" : [{
        "url" : "http://hl7.org/fhir/tools/StructureDefinition/resource-information",
        "valueString" : "StructureDefinition:extension"
      }],
      "reference" : {
        "reference" : "StructureDefinition/SGMarkdown"
      },
      "name" : "SGMarkdown",
      "description" : "Smart Guidelines markdown extension",
      "isExample" : false
    },
    {
      "extension" : [{
        "url" : "http://hl7.org/fhir/tools/StructureDefinition/resource-information",
        "valueString" : "StructureDefinition:resource"
      }],
      "reference" : {
        "reference" : "StructureDefinition/SGTransaction"
      },
      "name" : "SGTransaction",
      "description" : "SMART Guidelines Transaction Definition",
      "isExample" : false
    },
    {
      "extension" : [{
        "url" : "http://hl7.org/fhir/tools/StructureDefinition/resource-information",
        "valueString" : "ValueSet"
      }],
      "reference" : {
        "reference" : "ValueSet/DocumentationSection"
      },
      "name" : "Smart Guidelines Documentation Section",
      "description" : "CodeSystem for Smart Guidelines Documentation Section to autogenerate documentation from artifacts",
      "isExample" : false
    },
    {
      "extension" : [{
        "url" : "http://hl7.org/fhir/tools/StructureDefinition/resource-information",
        "valueString" : "CodeSystem"
      }],
      "reference" : {
        "reference" : "CodeSystem/DocumentationSections"
      },
      "name" : "Smart Guidelines Documentation Section",
      "description" : "CodeSystem for Smart Guidelines Documentation Section to autogenerate documentation from artifacts",
      "isExample" : false
    },
    {
      "extension" : [{
        "url" : "http://hl7.org/fhir/tools/StructureDefinition/resource-information",
        "valueString" : "ActorDefinition"
      }],
      "reference" : {
        "reference" : "ActorDefinition/TrustNetworkAnchor"
      },
      "name" : "Trust Network Anchor",
      "description" : "Trust Anchor which receives and distributes PKI-material within a Trust Network",
      "isExample" : false,
      "profile" : ["http://smart.who.int/trust-phw/StructureDefinition/SGActor"]
    },
    {
      "extension" : [{
        "url" : "http://hl7.org/fhir/tools/StructureDefinition/resource-information",
        "valueString" : "ActorDefinition"
      }],
      "reference" : {
        "reference" : "ActorDefinition/TrustNetworkParticipant"
      },
      "name" : "Trust Network Participant",
      "description" : "Trust Network Participant which publishes and or receives PKI-material within a Trust Network",
      "isExample" : false,
      "profile" : ["http://smart.who.int/trust-phw/StructureDefinition/SGActor"]
    }],
    "page" : {
      "sourceUrl" : "toc.html",
      "name" : "toc.html",
      "title" : "Table of Contents",
      "generation" : "html",
      "page" : [{
        "sourceUrl" : "index.html",
        "name" : "index.html",
        "title" : "Home",
        "generation" : "markdown",
        "page" : [{
          "sourceUrl" : "changes.html",
          "name" : "changes.html",
          "title" : "Changes",
          "generation" : "markdown"
        },
        {
          "sourceUrl" : "dependencies.html",
          "name" : "dependencies.html",
          "title" : "Dependencies",
          "generation" : "markdown"
        },
        {
          "sourceUrl" : "references.html",
          "name" : "references.html",
          "title" : "References",
          "generation" : "markdown"
        },
        {
          "sourceUrl" : "adapting.html",
          "name" : "adapting.html",
          "title" : "Adapting Guidelines for Country use",
          "generation" : "markdown"
        },
        {
          "sourceUrl" : "license.html",
          "name" : "license.html",
          "title" : "License",
          "generation" : "markdown"
        }]
      },
      {
        "sourceUrl" : "business-requirements.html",
        "name" : "business-requirements.html",
        "title" : "Business Requirements",
        "generation" : "markdown",
        "page" : [{
          "sourceUrl" : "concepts.html",
          "name" : "concepts.html",
          "title" : "Concepts",
          "generation" : "markdown"
        },
        {
          "sourceUrl" : "personas.html",
          "name" : "personas.html",
          "title" : "Generic Personas",
          "generation" : "markdown"
        },
        {
          "sourceUrl" : "scenarios.html",
          "name" : "scenarios.html",
          "title" : "User Scenarios",
          "generation" : "markdown"
        },
        {
          "sourceUrl" : "business-processes.html",
          "name" : "business-processes.html",
          "title" : "Business Processes",
          "generation" : "markdown"
        },
        {
          "sourceUrl" : "dictionary.html",
          "name" : "dictionary.html",
          "title" : "Data Dictionary",
          "generation" : "markdown"
        },
        {
          "sourceUrl" : "decision-logic.html",
          "name" : "decision-logic.html",
          "title" : "Decision-support logic",
          "generation" : "markdown"
        },
        {
          "sourceUrl" : "indicators.html",
          "name" : "indicators.html",
          "title" : "Indicator and Performance Metrics",
          "generation" : "markdown"
        },
        {
          "sourceUrl" : "functional-requirements.html",
          "name" : "functional-requirements.html",
          "title" : "Functional Requirements",
          "generation" : "markdown"
        },
        {
          "sourceUrl" : "non-functional-requirements.html",
          "name" : "non-functional-requirements.html",
          "title" : "Non-functional Requirements",
          "generation" : "markdown"
        }]
      },
      {
        "sourceUrl" : "data-models-and-exchange.html",
        "name" : "data-models-and-exchange.html",
        "title" : "Data Models and Exchange",
        "generation" : "markdown",
        "page" : [{
          "sourceUrl" : "system-actors.html",
          "name" : "system-actors.html",
          "title" : "System Actors",
          "generation" : "markdown"
        },
        {
          "sourceUrl" : "sequence-diagrams.html",
          "name" : "sequence-diagrams.html",
          "title" : "Sequence Diagrams",
          "generation" : "markdown"
        },
        {
          "sourceUrl" : "transactions.html",
          "name" : "transactions.html",
          "title" : "Transactions",
          "generation" : "markdown"
        },
        {
          "sourceUrl" : "indicators-measures.html",
          "name" : "indicators-measures.html",
          "title" : "Indicators and Measures",
          "generation" : "markdown"
        },
        {
          "sourceUrl" : "codings.html",
          "name" : "codings.html",
          "title" : "Codings",
          "generation" : "markdown"
        }]
      },
      {
        "sourceUrl" : "deployment.html",
        "name" : "deployment.html",
        "title" : "Deployment",
        "generation" : "markdown",
        "page" : [{
          "sourceUrl" : "security-privacy.html",
          "name" : "security-privacy.html",
          "title" : "Security and Privacy Considerations",
          "generation" : "markdown"
        },
        {
          "sourceUrl" : "testing.html",
          "name" : "testing.html",
          "title" : "Testing",
          "generation" : "markdown"
        },
        {
          "sourceUrl" : "test-data.html",
          "name" : "test-data.html",
          "title" : "Test Data",
          "generation" : "markdown"
        },
        {
          "sourceUrl" : "reference-implementations.html",
          "name" : "reference-implementations.html",
          "title" : "Reference Implementations",
          "generation" : "markdown"
        },
        {
          "sourceUrl" : "trust_domain.html",
          "name" : "trust_domain.html",
          "title" : "Trust Domains",
          "generation" : "markdown"
        },
        {
          "sourceUrl" : "downloads.html",
          "name" : "downloads.html",
          "title" : "Downloads",
          "generation" : "markdown"
        }]
      },
      {
        "sourceUrl" : "indices.html",
        "name" : "indices.html",
        "title" : "Indices",
        "generation" : "markdown",
        "page" : [{
          "sourceUrl" : "artifacts.html",
          "name" : "artifacts.html",
          "title" : "Artifact Index",
          "generation" : "html"
        },
        {
          "sourceUrl" : "maps.html",
          "name" : "maps.html",
          "title" : "Mappings",
          "generation" : "markdown"
        }]
      }]
    },
    "parameter" : [{
      "code" : {
        "system" : "http://hl7.org/fhir/tools/CodeSystem/ig-parameters",
        "code" : "copyrightyear"
      },
      "value" : "2023+"
    },
    {
      "code" : {
        "system" : "http://hl7.org/fhir/tools/CodeSystem/ig-parameters",
        "code" : "releaselabel"
      },
      "value" : "ci-build"
    },
    {
      "code" : {
        "system" : "http://hl7.org/fhir/tools/CodeSystem/ig-parameters",
        "code" : "produce-jekyll-data"
      },
      "value" : "true"
    },
    {
      "code" : {
        "system" : "http://hl7.org/fhir/tools/CodeSystem/ig-parameters",
        "code" : "autoload-resources"
      },
      "value" : "true"
    },
    {
      "code" : {
        "system" : "http://hl7.org/fhir/guide-parameter-code",
        "code" : "path-resource"
      },
      "value" : "input/capabilities"
    },
    {
      "code" : {
        "system" : "http://hl7.org/fhir/guide-parameter-code",
        "code" : "path-resource"
      },
      "value" : "input/examples"
    },
    {
      "code" : {
        "system" : "http://hl7.org/fhir/guide-parameter-code",
        "code" : "path-resource"
      },
      "value" : "input/extensions"
    },
    {
      "code" : {
        "system" : "http://hl7.org/fhir/guide-parameter-code",
        "code" : "path-resource"
      },
      "value" : "input/models"
    },
    {
      "code" : {
        "system" : "http://hl7.org/fhir/guide-parameter-code",
        "code" : "path-resource"
      },
      "value" : "input/operations"
    },
    {
      "code" : {
        "system" : "http://hl7.org/fhir/guide-parameter-code",
        "code" : "path-resource"
      },
      "value" : "input/profiles"
    },
    {
      "code" : {
        "system" : "http://hl7.org/fhir/guide-parameter-code",
        "code" : "path-resource"
      },
      "value" : "input/resources"
    },
    {
      "code" : {
        "system" : "http://hl7.org/fhir/guide-parameter-code",
        "code" : "path-resource"
      },
      "value" : "input/vocabulary"
    },
    {
      "code" : {
        "system" : "http://hl7.org/fhir/guide-parameter-code",
        "code" : "path-resource"
      },
      "value" : "input/maps"
    },
    {
      "code" : {
        "system" : "http://hl7.org/fhir/guide-parameter-code",
        "code" : "path-resource"
      },
      "value" : "input/testing"
    },
    {
      "code" : {
        "system" : "http://hl7.org/fhir/guide-parameter-code",
        "code" : "path-resource"
      },
      "value" : "input/history"
    },
    {
      "code" : {
        "system" : "http://hl7.org/fhir/guide-parameter-code",
        "code" : "path-resource"
      },
      "value" : "fsh-generated/resources"
    },
    {
      "code" : {
        "system" : "http://hl7.org/fhir/guide-parameter-code",
        "code" : "path-pages"
      },
      "value" : "template/config"
    },
    {
      "code" : {
        "system" : "http://hl7.org/fhir/guide-parameter-code",
        "code" : "path-pages"
      },
      "value" : "input/images"
    },
    {
      "code" : {
        "system" : "http://hl7.org/fhir/tools/CodeSystem/ig-parameters",
        "code" : "path-liquid"
      },
      "value" : "template/liquid"
    },
    {
      "code" : {
        "system" : "http://hl7.org/fhir/tools/CodeSystem/ig-parameters",
        "code" : "path-liquid"
      },
      "value" : "input/liquid"
    },
    {
      "code" : {
        "system" : "http://hl7.org/fhir/tools/CodeSystem/ig-parameters",
        "code" : "path-qa"
      },
      "value" : "temp/qa"
    },
    {
      "code" : {
        "system" : "http://hl7.org/fhir/tools/CodeSystem/ig-parameters",
        "code" : "path-temp"
      },
      "value" : "temp/pages"
    },
    {
      "code" : {
        "system" : "http://hl7.org/fhir/tools/CodeSystem/ig-parameters",
        "code" : "path-output"
      },
      "value" : "output"
    },
    {
      "code" : {
        "system" : "http://hl7.org/fhir/guide-parameter-code",
        "code" : "path-tx-cache"
      },
      "value" : "input-cache/txcache"
    },
    {
      "code" : {
        "system" : "http://hl7.org/fhir/tools/CodeSystem/ig-parameters",
        "code" : "path-suppressed-warnings"
      },
      "value" : "input/ignoreWarnings.txt"
    },
    {
      "code" : {
        "system" : "http://hl7.org/fhir/tools/CodeSystem/ig-parameters",
        "code" : "path-history"
      },
      "value" : "http://smart.who.int/trust-phw/history.html"
    },
    {
      "code" : {
        "system" : "http://hl7.org/fhir/tools/CodeSystem/ig-parameters",
        "code" : "template-html"
      },
      "value" : "template-page.html"
    },
    {
      "code" : {
        "system" : "http://hl7.org/fhir/tools/CodeSystem/ig-parameters",
        "code" : "template-md"
      },
      "value" : "template-page-md.html"
    },
    {
      "code" : {
        "system" : "http://hl7.org/fhir/tools/CodeSystem/ig-parameters",
        "code" : "apply-contact"
      },
      "value" : "true"
    },
    {
      "code" : {
        "system" : "http://hl7.org/fhir/tools/CodeSystem/ig-parameters",
        "code" : "apply-context"
      },
      "value" : "true"
    },
    {
      "code" : {
        "system" : "http://hl7.org/fhir/tools/CodeSystem/ig-parameters",
        "code" : "apply-copyright"
      },
      "value" : "true"
    },
    {
      "code" : {
        "system" : "http://hl7.org/fhir/tools/CodeSystem/ig-parameters",
        "code" : "apply-jurisdiction"
      },
      "value" : "true"
    },
    {
      "code" : {
        "system" : "http://hl7.org/fhir/tools/CodeSystem/ig-parameters",
        "code" : "apply-license"
      },
      "value" : "true"
    },
    {
      "code" : {
        "system" : "http://hl7.org/fhir/tools/CodeSystem/ig-parameters",
        "code" : "apply-publisher"
      },
      "value" : "true"
    },
    {
      "code" : {
        "system" : "http://hl7.org/fhir/tools/CodeSystem/ig-parameters",
        "code" : "apply-version"
      },
      "value" : "true"
    },
    {
      "code" : {
        "system" : "http://hl7.org/fhir/tools/CodeSystem/ig-parameters",
        "code" : "apply-wg"
      },
      "value" : "true"
    },
    {
      "code" : {
        "system" : "http://hl7.org/fhir/tools/CodeSystem/ig-parameters",
        "code" : "active-tables"
      },
      "value" : "true"
    },
    {
      "code" : {
        "system" : "http://hl7.org/fhir/tools/CodeSystem/ig-parameters",
        "code" : "fmm-definition"
      },
      "value" : "http://hl7.org/fhir/versions.html#maturity"
    },
    {
      "code" : {
        "system" : "http://hl7.org/fhir/tools/CodeSystem/ig-parameters",
        "code" : "propagate-status"
      },
      "value" : "true"
    },
    {
      "code" : {
        "system" : "http://hl7.org/fhir/tools/CodeSystem/ig-parameters",
        "code" : "excludelogbinaryformat"
      },
      "value" : "true"
    },
    {
      "code" : {
        "system" : "http://hl7.org/fhir/tools/CodeSystem/ig-parameters",
        "code" : "tabbed-snapshots"
      },
      "value" : "true"
    }]
  }
}