{
  "resourceType" : "Requirements",
  "id" : "retrieve-pki-material",
  "text" : {
    "status" : "generated",
    "div" : "<div xmlns=\"http://www.w3.org/1999/xhtml\"><p class=\"res-header-id\"><b>Generated Narrative: Requirements retrieve-pki-material</b></p><a name=\"retrieve-pki-material\"> </a><a name=\"hcretrieve-pki-material\"> </a><a name=\"retrieve-pki-material-en-US\"> </a><p>These requirements apply to the actor <a href=\"ActorDefinition-TrustNetworkParticipant.html\">Trust Network Participant</a></p><table class=\"grid\"/></div>"
  },
  "url" : "http://smart.who.int/trust-phw/Requirements/retrieve-pki-material",
  "version" : "0.1.0",
  "title" : "Retrieve PKI material",
  "status" : "active",
  "date" : "2025-02-26T20:20:00+00:00",
  "publisher" : "WHO",
  "contact" : [{
    "name" : "WHO",
    "telecom" : [{
      "system" : "url",
      "value" : "http://who.int"
    }]
  }],
  "description" : "Retrieve PKI material from a distribution point",
  "jurisdiction" : [{
    "coding" : [{
      "system" : "http://unstats.un.org/unsd/methods/m49/m49.htm",
      "code" : "001",
      "display" : "World"
    }]
  }],
  "actor" : ["http://smart.who.int/trust-phw/ActorDefinition/TrustNetworkParticipant"]
}