{
  "resourceType" : "ValueSet",
  "id" : "DocumentationSection",
  "text" : {
    "status" : "generated",
    "div" : "<div xmlns=\"http://www.w3.org/1999/xhtml\"><p class=\"res-header-id\"><b>Generated Narrative: ValueSet DocumentationSection</b></p><a name=\"DocumentationSection\"> </a><a name=\"hcDocumentationSection\"> </a><a name=\"DocumentationSection-en-US\"> </a><ul><li>Include all codes defined in <code>http://smart.who.int/trust-phw/CodeSystem/DocumentationSection</code></li></ul></div>"
  },
  "url" : "http://smart.who.int/trust-phw/ValueSet/DocumentationSection",
  "version" : "0.1.0",
  "name" : "DocumentationSection",
  "title" : "Smart Guidelines Documentation Section",
  "status" : "active",
  "experimental" : true,
  "date" : "2025-02-26T20:20:00+00:00",
  "publisher" : "WHO",
  "contact" : [{
    "name" : "WHO",
    "telecom" : [{
      "system" : "url",
      "value" : "http://who.int"
    }]
  }],
  "description" : "CodeSystem for Smart Guidelines Documentation Section to autogenerate documentation from artifacts",
  "jurisdiction" : [{
    "coding" : [{
      "system" : "http://unstats.un.org/unsd/methods/m49/m49.htm",
      "code" : "001",
      "display" : "World"
    }]
  }],
  "compose" : {
    "include" : [{
      "system" : "http://smart.who.int/trust-phw/CodeSystem/DocumentationSection"
    }]
  }
}